"Title","Type","Availability","MSRP Currency","MSRP","Show Price Currency","Show Price","Publisher","Location","Priority","Notes","Thumbs","BGGId","BGGVersionId","Mfg Product Code","Release Date","Override Release Date","Events"
"Ensemble","Standalone","For Sale","USD",30,"N/A","N/A","Ares Games","541","N/A","N/A",23,"293665","558978","","2023-07-00","",""
"War of the Ring: The Card Game – Against the Shadow","Expansion","For Sale","USD",25,"N/A","N/A","Ares Games","541","N/A","N/A",101,"388470","661302","WOTR102","2023-09-00","",""
"Wings of Glory: World War 1 – Caquot M / Ae 800 Drachen","Expansion","For Sale","USD",30,"N/A","N/A","Ares Games","541","N/A","N/A",10,"389792","663546","WGF305","2023-09-00","",""
"Quartermaster General: East Front","Standalone","Demo","N/A","N/A","N/A","N/A","Ares Games","541","N/A","N/A",23,"379706","648644","","2023-09-00","",""
"DEFCON 1","Standalone","For Sale","USD",90,"N/A","N/A","ASYNCRON games","541 (Ares Games)","N/A","N/A",24,"322354","531750","","2023-09-00","",""
"Channel WON","Standalone","For Sale","USD",35,"N/A","N/A","Pops & Bejou Games","2567","N/A","N/A",10,"358278","602592","","2023-06-00","",""
"Alphabet Stoop","Standalone","Demo","N/A","N/A","N/A","N/A","Pops & Bejou Games","2567","N/A","N/A",9,"390568","664729","","2023-00-00","Q4 2023",""
"Weirdwood Manor","Standalone","Demo","N/A","N/A","N/A","N/A","Greyridge Games","1556","N/A","N/A",92,"359601","604977","","2024-00-00","Q2 2024",""
"Kutná Hora: The City of Silver","Standalone","Demo","N/A","N/A","N/A","N/A","Czech Games Edition","ICC 235-239","N/A","N/A",183,"385610","656821","CGE00070","2023-10-00","Q4 2023",""
"Lost Ruins of Arnak: The Missing Expedition","Expansion","For Sale","USD",30,"N/A","N/A","Czech Games Edition","ICC 235-239","N/A","N/A",330,"382350","653066","CGE00067","0000-00-00","Q3 2023",""
"Call of Duty: The Board Game","Standalone","Demo","N/A","N/A","N/A","N/A","Arcane Wonders","529","N/A","N/A",33,"386403","658067","","2024-00-00","Q2 2024",""
"Express Route","Standalone","For Sale","USD",40,"N/A","N/A","The Op","135","N/A","N/A",19,"388718","661730","","2023-00-00","Q3 2023",""
"The Perfect Wave","Standalone","For Sale","USD",35,"N/A","N/A","The Op","135","N/A","N/A",23,"388683","661655","","2023-00-00","",""
"What the Cup!?","Standalone","For Sale","USD",23,"N/A","N/A","The Op","135","N/A","N/A",18,"389198","662512","","2023-06-21","",""
"Mish Match","Standalone","For Sale","USD",10,"N/A","N/A","The Op","135","N/A","N/A",6,"388719","661732","","2023-00-00","",""
"Disney Sorcerer's Arena: Epic Alliances – At the Ready","Expansion","For Sale","USD",20,"N/A","N/A","The Op","135","N/A","N/A",18,"380646","650182","","2023-00-00","",""
"Tapple 10","Standalone","For Sale","USD",10,"N/A","N/A","The Op","135","N/A","N/A",11,"200114","665510","","2023-00-00","",""
"The A.R.T. Project","Standalone","Demo","N/A","N/A","N/A","N/A","The Op","135","N/A","N/A",44,"378356","646229","","2023-11-00","",""
"Diced Veggies","Standalone","Demo","N/A","N/A","N/A","N/A","Kids Table BG","2006","N/A","N/A",103,"381356","651452","","2023-08-03","",""
"CATAN: Hawai'i Scenario","Expansion","For Sale","USD",20,"N/A","N/A","Catan Studio","929","N/A","N/A",16,"238135","651860","","2023-06-30","",""
"Kelp","Standalone","Demo","N/A","N/A","N/A","N/A","Wonderbow Games","First Exposure Playtest Hall","N/A","N/A",45,"374595","639076","","2024-00-00","",""
"Wild Tiled West","Standalone","For Sale","USD",65,"N/A","N/A","Dire Wolf","2611","N/A","N/A",125,"342032","570282","","2023-00-00","",""
"City of the Great Machine","Standalone","For Sale","USD",65,"N/A","N/A","CrowD Games","1263","N/A","N/A",51,"263895","427563","CGA07001","2023-01-00","",""
"City of the Great Machine: Stand-In Heroes","Expansion","For Sale","USD",25,"N/A","N/A","CrowD Games","1263","N/A","N/A",11,"366259","622531","CGA07003","2023-01-00","",""
"City of the Great Machine: The Escalation Kickstarter Exclusives","Expansion","For Sale","USD",35,"N/A","N/A","CrowD Games","1263","N/A","N/A",14,"366262","622534","CGA07005","2023-01-00","",""
"Evolution: New World","Standalone","For Sale","USD",45,"N/A","N/A","CrowD Games","1263","N/A","N/A",19,"344992","575672","","2023-03-00","",""
"Evolution: New World – Butterfly Effect","Expansion","For Sale","USD",25,"N/A","N/A","CrowD Games","1263","N/A","N/A",14,"361577","610316","","0000-00-00","Mar/Apr 2023",""
"Dixit: Disney Edition","Standalone","Demo","N/A","N/A","N/A","N/A","Libellud","809, 815, 823, 929, 1109, 1115 (Asmodee)","N/A","N/A",33,"381308","651360","","2023-09-15","",""
"Maximum Apocalypse: Gothic Horrors 2nd Edition","Standalone","For Sale","N/A","N/A","N/A","N/A","Rock Manor Games","","N/A","N/A",9,"390157","664037","RMA214","2023-08-15","",""
"The Princes of Florence","Standalone","For Sale","USD",55,"N/A","N/A","WizKids (I)","121","N/A","N/A",37,"555","654079","87586","2023-07-00","",""
"Avant Carde","Standalone","Demo","N/A","N/A","N/A","N/A","Resonym","2304","N/A","N/A",16,"390163","664043","","0000-00-00","Q1 2024",""
"Galactic Cruise","Standalone","Demo","N/A","N/A","N/A","N/A","Kinson Key Games","336 (Indie Game Alliance)","N/A","N/A",144,"391137","665523","","2024-00-00","",""
"Inheritors","Standalone","For Sale","USD",20,"N/A","N/A","NorthStar Game Studio","423","N/A","N/A",20,"367476","668395","NSG-910","2023-08-00","",""
"Eila and Something Shiny","Standalone","For Sale","USD",65,"N/A","N/A","NorthStar Game Studio","423","N/A","N/A",30,"293207","668396","NSG-900","2023-08-00","",""
"Oceans: Legends of the Deep","Expansion","Demo","N/A","N/A","N/A","N/A","NorthStar Game Studio","423","N/A","N/A",22,"324557","536607","","2023-08-00","Q4 2023",""
"The Witcher: Old World","Standalone","For Sale","USD",100,"N/A","N/A","Go On Board","809 (Asmodee)","N/A","N/A",15,"331106","550937","","2023-06-00","",""
"The Witcher: Old World","Standalone","For Sale","USD",200,"N/A","N/A","Go On Board","809 (Asmodee)","N/A","N/A",19,"331106","567316","TWOW","2023-06-00","",""
"The Witcher: Old World – Skellige","Expansion","For Sale","USD",65,"N/A","N/A","Go On Board","809 (Asmodee)","N/A","N/A",10,"340529","567385","","2023-06-00","",""
"The Witcher: Old World – Legendary Hunt","Expansion","For Sale","USD",70,"N/A","N/A","Go On Board","809 (Asmodee)","N/A","N/A",10,"340526","567382","","2023-06-00","",""
"The Witcher: Old World – Mages","Expansion","For Sale","USD",75,"N/A","N/A","Go On Board","809 (Asmodee)","N/A","N/A",10,"340523","567378","","2023-06-00","",""
"Star Trek: Discovery – Black Alert","Standalone","For Sale","USD",55,"N/A","N/A","WizKids (I)","121","N/A","N/A",15,"387566","659752","","2023-07-00","",""
"Blob Party","Standalone","For Sale","USD",25,"N/A","N/A","WizKids (I)","121","N/A","N/A",11,"382828","654082","87577","2023-07-00","",""
"Dungeons & Dragons: Trials of Tempus","Standalone","For Sale","USD",100,"N/A","N/A","WizKids (I)","121","N/A","N/A",22,"385546","656702","87545","2023-07-19","",""
"SpellBook","Standalone","Demo","N/A","N/A","N/A","N/A","Space Cowboys","809, 815, 823, 929, 1109, 1115 (Asmodee)","N/A","N/A",53,"391834","666774","","2023-09-29","",""
"Hamlet: The Village Building Game","Standalone","For Sale","USD",50,"N/A","N/A","Mighty Boards","366","N/A","N/A",61,"276086","647147","MBHAM002EN","2023-05-00","",""
"Vengeance: Roll & Fight – Episode 1","Standalone","For Sale","USD",49,"N/A","N/A","Mighty Boards","366","N/A","N/A",15,"335240","557763","MBVRF001EN","2022-09-00","",""
"Vengeance: Roll & Fight – Episode 2","Standalone","For Sale","USD",49,"N/A","N/A","Mighty Boards","366","N/A","N/A",13,"335664","558485","MBVRF002EN","2022-09-00","",""
"Hamlet: By the Lake","Expansion","Demo","N/A","N/A","N/A","N/A","Mighty Boards","366","N/A","N/A",60,"389384","662815","","2024-00-00","Q2 2024",""
"Fateforge: Chronicles of Kaan","Standalone","Demo","N/A","N/A","N/A","N/A","Mighty Boards","366","N/A","N/A",30,"363625","616656","","2024-03-00","",""
"7th Sea: City of Five Sails","Standalone","For Sale","USD",60,"N/A","N/A","Pine Box Entertainment","1929, 2029 (Studio 2 Publishing)","N/A","N/A",27,"367584","625252","","2023-08-00","",""
"Murder We Wrote","Standalone","For Sale","USD",20,"N/A","N/A","Kess Co.","1949","N/A","N/A",6,"392698","668126","810015927748","2023-09-00","",""
"SPY x FAMILY: Mission for Peanuts","Standalone","For Sale","USD",15,"N/A","N/A","Kess Co.","1949","N/A","N/A",14,"392694","668122","2759","2023-09-00","",""
"Legendary Encounters: The Matrix","Standalone","For Sale","USD",80,"N/A","N/A","Upper Deck Entertainment","1205","N/A","N/A",26,"373105","636514","","2023-08-00","",""
"Vs. System 2PCG: Mortal Kombat 11","Standalone","For Sale","USD",35,"N/A","N/A","Upper Deck Entertainment","1205","N/A","N/A",4,"386103","657446","","2023-04-00","",""
"Expeditions","Standalone","For Sale","USD",85,"N/A","N/A","Stonemaier Games","2909","N/A","N/A",118,"379078","647627","","2023-09-22","",""
"Expeditions","Standalone","For Sale","USD",115,"N/A","N/A","Stonemaier Games","2909","N/A","N/A",78,"379078","648528","","2023-09-22","",""
"Redwood","Standalone","For Sale","USD",65,"N/A","N/A","Sit Down!","1321, 1429, 1521 (Flat River Group)","N/A","N/A",40,"359962","605696","","2023-09-00","",""
"Where's My Ride?","Standalone","For Sale","USD",30,"N/A","N/A","SlugFest Games","1219","N/A","N/A",5,"374789","639448","","2023-08-18","",""
"The Red Dragon Inn: Battle for Greyport – Chaos in Copperforge","Expansion","For Sale","USD",30,"N/A","N/A","SlugFest Games","1219","N/A","N/A",8,"367923","625912","","2023-08-18","",""
"CLAW","Standalone","Demo","N/A","N/A","N/A","N/A","Braincast Games","Room 107-110 (First Exposure Playtest Hall)","N/A","N/A",5,"387827","660085","","0000-00-00","",""
"Ynaros Fallin'","Standalone","Demo","N/A","N/A","N/A","N/A","Peekwik Dreams","336 (Indie Game Alliance)","N/A","N/A",7,"357172","600500","","2024-00-00","",""
"Nocturne","Standalone","Demo","N/A","N/A","N/A","N/A","Flatout Games","403 (AEG)","N/A","N/A",37,"393175","668934","","2024-00-00","",""
"Junk Drawer","Standalone","For Sale","USD",40,"N/A","N/A","25th Century Games","2723","N/A","N/A",25,"362366","613020","","0000-00-00","Q3 2023",""
"Mutton Bustin","Standalone","For Sale","USD",30,"N/A","N/A","25th Century Games","2723","N/A","N/A",29,"387166","669340","","2023-08-03","",""
"The Lunar Dial","Standalone","For Sale","USD",25,"N/A","N/A","Goliath Games","2727","N/A","N/A",10,"392836","668330","","2023-08-01","",""
"Ascendancy","Standalone","Demo","N/A","N/A","N/A","N/A","One More Turn Games","1553","N/A","N/A",22,"258295","417303","","2024-00-00","Q3 2023",""
"Maximum Apocalypse","Standalone","For Sale","N/A","N/A","N/A","N/A","Rock Manor Games","","N/A","N/A",10,"188547","668103","RMA213","0000-00-00","Q4 2023",""
"Diplomacy","Standalone","For Sale","USD",45,"N/A","N/A","Renegade Game Studios","1619","N/A","N/A",11,"483","651395","","2023-07-13","",""
"Acquire","Standalone","For Sale","USD",50,"N/A","N/A","Renegade Game Studios","1619","N/A","N/A",33,"5","651390","","2023-07-13","",""
"Robo Rally","Standalone","For Sale","USD",50,"N/A","N/A","Renegade Game Studios","1619","N/A","N/A",19,"381327","651393","","2023-07-06","",""
"Super Snipers","Standalone","Demo","N/A","N/A","N/A","N/A","Galen's Games","(see listing)","N/A","N/A",14,"351180","587594","","2023-10-01","",""
"Beyond the Rift: A Perdition's Mouth Card Game","Standalone","For Sale","USD",55,"N/A","N/A","Dragon Dawn Productions","Room 107-110 (First Exposure Playtest Hall)","N/A","N/A",17,"325401","538423","","2022-10-00","",""
"Factory 42","Standalone","For Sale","USD",75,"N/A","N/A","Dragon Dawn Productions","Room 107-110 (First Exposure Playtest Hall)","N/A","N/A",14,"314125","599499","","2022-10-00","",""
"Dubious","Standalone","For Sale","USD",45,"N/A","N/A","Arcane Wonders","529","N/A","N/A",11,"344050","627148","","2023-06-14","",""
"GAP","Standalone","For Sale","USD",15,"N/A","N/A","Arcane Wonders","529","N/A","N/A",13,"370130","658327","AW16GP","2023-06-14","",""
"World Wonders","Standalone","For Sale","USD",50,"N/A","N/A","Arcane Wonders","529","N/A","N/A",83,"365258","667733","","0000-00-00","Q4 2023",""
"Age of Wonders: Planetfall","Standalone","For Sale","USD",45,"N/A","N/A","Arcane Wonders","529","N/A","N/A",14,"353848","667735","","0000-00-00","Q4 2023",""
"Neotopia","Standalone","For Sale","USD",45,"N/A","N/A","Arcane Wonders","529","N/A","N/A",100,"360359","667734","","0000-00-00","Q4 2023",""
"Decktective: Secrets in the Sand","Standalone","For Sale","USD",15,"N/A","N/A","DV Games","1813","N/A","N/A",13,"383139","654615","DVG5747","2023-08-07","",""
"Deckscape: Tokyo Blackout","Standalone","For Sale","USD",15,"N/A","N/A","DV Games","1813","N/A","N/A",12,"382609","654707","DVG5749","2023-08-07","",""
"BANG! Dynamite Box","Standalone","For Sale","USD",100,"N/A","N/A","DV Games","1813","N/A","N/A",8,"345203","670334","","2023-08-03","",""
"Sankoré: The Pride of Mansa Musa","Standalone","Demo","N/A","N/A","N/A","N/A","Osprey Games","2737","N/A","N/A",32,"382518","653492","","2023-12-07","",""
"Haunted Halloween: The Trick-or-Treat Game","Standalone","Demo","N/A","N/A","N/A","N/A","Castle Clark, LLC.","Room 107-110 (First Exposure Playtest Hall)","N/A","N/A",8,"393909","670095","","2024-02-26","",""
"Resurgence","Standalone","For Sale","USD",60,"N/A","N/A","Half-a-Kingdom Games","2723 (25th Century Games)","N/A","N/A",21,"340897","568095","HKG001","2022-00-00","",""
"Four Humours","Standalone","For Sale","USD",40,"N/A","N/A","Adam's Apple Games, LLC","2768","N/A","N/A",22,"313093","514919","","2022-11-02","",""
"Moon River","Standalone","For Sale","USD",25,"N/A","N/A","Blue Orange Games","1901","N/A","N/A",22,"378001","649353","","2023-10-00","Q3 2023",""
"Next Station: Tokyo","Standalone","For Sale","USD",18,"N/A","N/A","Blue Orange Games","1901","N/A","N/A",30,"380165","649352","09074","2023-00-00","Q3 2023",""
"Mech A Dream","Standalone","For Sale","USD",40,"N/A","N/A","Blue Orange Games","1901","N/A","N/A",12,"365647","649350","09073","2023-00-00","Q3 2023",""
"Picnic Twist","Standalone","For Sale","USD",14,"N/A","N/A","Blue Orange Games","1901","N/A","N/A",10,"380163","649349","09069","2023-05-00","",""
"Wonder Woods","Standalone","For Sale","USD",25,"N/A","N/A","Blue Orange Games","1901","N/A","N/A",11,"354729","649354","09061","2023-04-00","",""
"Vampire: The Masquerade – Rivals: Justice & Mercy","Expansion","For Sale","USD",30,"N/A","N/A","Renegade Game Studios","1619","N/A","N/A",4,"379775","648729","RGS 02511","2023-05-01","",""
"Good Omens: An Ineffable Game","Standalone","For Sale","USD",25,"N/A","N/A","Renegade Game Studios","1619","N/A","N/A",6,"388745","661769","","2023-06-05","",""
"Transformers Deck-Building Game: War on Cybertron","Standalone","For Sale","USD",45,"N/A","N/A","Renegade Game Studios","1619","N/A","N/A",6,"379773","648727","RGS 02557","2023-06-01","",""
"Axis & Allies: WWI 1914","Standalone","For Sale","USD",100,"N/A","N/A","Renegade Game Studios","1619","N/A","N/A",6,"133956","650127","","2023-06-00","",""
"Power Rangers: Heroes of the Grid – Merciless Minions Pack 2","Expansion","For Sale","USD",45,"N/A","N/A","Renegade Game Studios","1619","N/A","N/A",7,"391798","666715","RGS 02549","2023-07-24","",""
"Power Rangers: Heroes of the Grid – S.P.D. Ranger Pack","Expansion","For Sale","USD",45,"N/A","N/A","Renegade Game Studios","1619","N/A","N/A",7,"391800","666718","","2023-07-24","",""
"G.I. JOE Mission Critical: Midnight Storm","Expansion","For Sale","USD",60,"N/A","N/A","Renegade Game Studios","1619","N/A","N/A",6,"381336","651403","","2023-07-25","",""
"G.I. JOE Mission Critical: Vanguard Strike","Expansion","For Sale","USD",45,"N/A","N/A","Renegade Game Studios","1619","N/A","N/A",6,"381337","651404","","2023-07-25","",""
"Vampire: The Masquerade – Rivals: The Hunters & The Hunted","Standalone","For Sale","USD",60,"N/A","N/A","Renegade Game Studios","1619","N/A","N/A",6,"381335","651402","","2023-08-00","",""
"The Search for Lost Species","Standalone","For Sale","USD",45,"N/A","N/A","Renegade Game Studios","1619","N/A","N/A",43,"358557","603175","","2023-08-00","",""
"Vampire: The Masquerade – Rivals: Royalty Pack 1","Expansion","For Sale","USD",15,"N/A","N/A","Renegade Game Studios","1619","N/A","N/A",4,"394128","670453","","2023-07-26","",""
"Everdell Farshore","Standalone","Demo","N/A","N/A","N/A","N/A","Starling Games (II)","1819 (Tabletop Tycoon)","N/A","N/A",45,"394106","670424","","2023-00-00","",""
"Escape from the Asylum","Standalone","For Sale","USD",60,"USD",50,"Imperial Publishing, Inc","2101 (Mayday Games)","N/A","N/A",5,"281514","668943","","2023-02-15","",""
"The Texas Chainsaw Massacre: Slaughterhouse","Standalone","For Sale","USD",30,"N/A","N/A","Funko Games","1807 / Room 137","N/A","N/A",42,"393910","670098","69944","2023-09-00","",""
"Four Horsemen","Standalone","Demo","N/A","N/A","N/A","N/A","Win-Win Board Games","ICC : Hall D : Orange : 15","N/A","N/A",13,"368540","627190","","2024-00-00","",""
"Joyride: Survival of the Fastest","Standalone","Demo","N/A","N/A","N/A","N/A","Rebellion Unplugged","2858","N/A","N/A",8,"371183","633003","","2024-00-00","",""
"Funkoverse Strategy Game: Tim Burton's The Nightmare Before Christmas 101","Expansion","For Sale","N/A","N/A","N/A","N/A","Funko Games","1807 / Room 137","N/A","N/A",36,"394337","670965","","2023-08-10","",""
"Ahoy! Kitten","Standalone","For Sale","USD",20,"N/A","N/A","Mayday Games","2101","N/A","N/A",9,"367344","670605","MDG-4350","2023-08-03","",""
"Clandestine","Standalone","Demo","N/A","N/A","N/A","N/A","Brookspun Games","2863","N/A","N/A",14,"367199","624525","","2024-00-00","",""
"Legacies","Standalone","For Sale","USD",100,"N/A","N/A","Brookspun Games","2863","N/A","N/A",18,"280726","458170","","2022-00-00","",""
"Robot Quest Arena","Standalone","For Sale","USD",80,"N/A","N/A","Wise Wizard Games","2845 (Orange Nebula)","N/A","N/A",20,"304668","499499","","2023-08-03","",""
"Robot Quest Arena: Kettle Robot Pack","Expansion","For Sale","USD",25,"N/A","N/A","Wise Wizard Games","2845 (Orange Nebula)","N/A","N/A",4,"379861","648866","","2023-08-03","",""
"Robot Quest Arena: Jaws Robot Pack","Expansion","For Sale","USD",25,"N/A","N/A","Wise Wizard Games","2845 (Orange Nebula)","N/A","N/A",4,"379860","648865","","2023-08-03","",""
"Apex Legends: The Board Game","Standalone","Demo","N/A","N/A","N/A","N/A","Glass Cannon Unplugged","3033","N/A","N/A",23,"380681","650244","","2024-00-00","",""
"Frostpunk: The Board Game","Standalone","For Sale","USD",130,"N/A","N/A","Glass Cannon Unplugged","3033","N/A","N/A",28,"311988","512729","","2023-02-03","",""
"Pocket Paragons: Acquisitions Incorporated","Standalone","Demo","N/A","N/A","N/A","N/A","Solis Game Studio","2805","N/A","N/A",4,"375002","639855","","2023-09-00","",""
"Pocket Paragons: Space Lion","Standalone","Demo","N/A","N/A","N/A","N/A","Solis Game Studio","2805","N/A","N/A",5,"375003","639856","","2023-09-00","",""
"Space Lion: Divide and Conquer","Standalone","Demo","N/A","N/A","N/A","N/A","Solis Game Studio","2805","N/A","N/A",6,"356198","598521","","2023-09-00","",""
"The Bad Karmas and The Curse of the Zodiac","Standalone","Demo","N/A","N/A","N/A","N/A","Xplored","1652 (Teburu)","N/A","N/A",16,"348872","583220","","2023-00-00","",""
"Vampire: The Masquerade – Milan Uprising","Standalone","Demo","N/A","N/A","N/A","N/A","Xplored","1652 (Teburu)","N/A","N/A",19,"375751","641628","","2024-00-00","",""
"Castle Panic: Deluxe Collection","Standalone","For Sale","USD",400,"N/A","N/A","Fireside Games","2434","N/A","N/A",8,"337394","561561","","2023-05-30","",""
"Castle Panic: Deluxe Collection","Standalone","For Sale","USD",250,"N/A","N/A","Fireside Games","2434","N/A","N/A",4,"337394","624800","FSD 1010WOODFULL","2023-05-30","",""
"Diatoms","Standalone","Demo","N/A","N/A","N/A","N/A","Ludoliminal","336 (Indie Game Alliance)","N/A","N/A",5,"370210","630999","","0000-00-00","Q4 2023",""
"Junk Orbit","Standalone","For Sale","USD",25,"N/A","N/A","Renegade Game Studios","1619","N/A","N/A",7,"247360","651389","","2023-08-00","",""
"Ex Libris: Expanded Archives","Expansion","For Sale","USD",30,"N/A","N/A","Renegade Game Studios","1619","N/A","N/A",18,"392094","667154","","2023-10-00","",""
"Bargain Quest: Brick & Mortar","Expansion","For Sale","USD",25,"N/A","N/A","Renegade Game Studios","1619","N/A","N/A",5,"391797","666714","RGS 02625","2023-11-00","",""
"Transformers Deck-Building Game: Clash of the Combiners","Expansion","For Sale","USD",30,"N/A","N/A","Renegade Game Studios","1619","N/A","N/A",8,"391803","666721","RGS 02611","2023-10-00","",""
"Ex Libris: Revised Edition","Standalone","For Sale","USD",45,"N/A","N/A","Renegade Game Studios","1619","N/A","N/A",21,"393000","668589","","0000-00-00","",""
"My Little Pony: Adventures in Equestria Deck-Building Game – Collision Course Expansion","Expansion","For Sale","USD",30,"N/A","N/A","Renegade Game Studios","1619","N/A","N/A",6,"394803","671546","","2023-09-00","",""
"Too Many Bones: Unbreakable","Standalone","For Sale","USD",100,"N/A","N/A","Chip Theory Games","2719","N/A","N/A",12,"347811","581314","","2022-06-00","",""
"Too Many Bones: Polaris","Expansion","For Sale","USD",30,"N/A","N/A","Chip Theory Games","2719","N/A","N/A",8,"349579","584646","TMB-ADD-032","0000-00-00","Q3 2022",""
"Too Many Bones: Carcass","Expansion","For Sale","N/A","N/A","N/A","N/A","Chip Theory Games","2719","N/A","N/A",9,"349581","584648","TMB-ADD-031","0000-00-00","Q3 2022",""
"Too Many Bones: Static","Expansion","For Sale","USD",30,"N/A","N/A","Chip Theory Games","2719","N/A","N/A",9,"349580","584647","TMB-ADD-033","0000-00-00"," ",""
"Too Many Bones: 40 Waves in Daelore","Expansion","For Sale","USD",30,"N/A","N/A","Chip Theory Games","2719","N/A","N/A",9,"349582","584651","TMB-ADD-029","0000-00-00","Q3 2022",""
"Too Many Bones: 40 Caves in Daelore","Expansion","For Sale","USD",30,"N/A","N/A","Chip Theory Games","2719","N/A","N/A",9,"350692","586622","TMB-ADD-038","2022-06-00","",""
"20 Strong: Too Many Bones","Expansion","Demo","N/A","N/A","N/A","N/A","Chip Theory Games","2719","N/A","N/A",11,"373168","636600","","0000-00-00","",""
"20 Strong: Hoplomachus Victorum","Expansion","Demo","N/A","N/A","N/A","N/A","Chip Theory Games","2719","N/A","N/A",10,"373169","636601","","0000-00-00","",""
"20 Strong","Standalone","Demo","N/A","N/A","N/A","N/A","Chip Theory Games","2719","N/A","N/A",25,"373167","636599","","0000-00-00","",""
"Star Wars: Rivals – Series 1: Premier Set","Standalone","For Sale","USD",20,"N/A","N/A","Funko Games","1807 / Room 137","N/A","N/A",38,"385408","656509","69256","2023-06-00","",""
"Star Wars: Rivals – Series 1: Character Booster Pack","Expansion","For Sale","USD",5,"N/A","N/A","Funko Games","1807 / Room 137","N/A","N/A",40,"385411","656513","69255","2023-06-00","",""
"Robo Rally: Wet & Wild","Expansion","For Sale","N/A","N/A","N/A","N/A","Renegade Game Studios","1619","N/A","N/A",11,"391801","666719","RGS 02588","2023-08-00","",""
"Robo Rally: Chaos & Carnage","Expansion","For Sale","N/A","N/A","N/A","N/A","Renegade Game Studios","1619","N/A","N/A",11,"391802","666720","","2023-08-00","",""
"Guilds of Bitalus","Standalone","Demo","N/A","N/A","N/A","N/A","(Looking for a publisher)","See listing","N/A","N/A",34,"337812","562229","","0000-00-00","",""
"Terrorscape","Standalone","Demo","N/A","N/A","N/A","N/A","ICE Makes","2956","N/A","N/A",10,"371433","633452","","0000-00-00","",""
"Terrorscape: Expansion #3 – Lethal Immortals","Expansion","Demo","N/A","N/A","N/A","N/A","ICE Makes","2956","N/A","N/A",5,"385271","656309","","0000-00-00","",""
"Terrorscape: Expansion #2 – Amorphous Peril","Expansion","Demo","N/A","N/A","N/A","N/A","ICE Makes","2956","N/A","N/A",5,"385270","656308","","0000-00-00","",""
"Terrorscape: Expansion #1 – Feral Instincts","Expansion","Demo","N/A","N/A","N/A","N/A","ICE Makes","2956","N/A","N/A",5,"385269","656307","","0000-00-00","",""
"Tolerance","Standalone","Demo","N/A","N/A","N/A","N/A","Dragon Dawn Productions","Room 107-110 (First Exposure Playtest Hall)","N/A","N/A",14,"332779","553653","","2023-10-00","",""
"Perdition's Mouth: Abyssal Rift – Soul Spire","Expansion","Demo","N/A","N/A","N/A","N/A","Dragon Dawn Productions","Room 107-110 (First Exposure Playtest Hall)","N/A","N/A",10,"234039","366976","","2020-00-00","Q4 2024",""
"Holotype: Mesozoic North America","Standalone","For Sale","USD",50,"N/A","N/A","Brexwerx Games","2860","N/A","N/A",12,"358974","603839","","2023-02-28","",""
"Linkto Travel","Standalone","For Sale","USD",13,"N/A","N/A","Randolph","2329 / Room 142 (Hachette Boardgames)","N/A","N/A",42,"274557","614790","RANLTV01EN","2023-04-26","",""
"Vaalbara","Standalone","For Sale","USD",20,"N/A","N/A","Studio H","2329 / Room 142 (Hachette Boardgames)","N/A","N/A",85,"361241","615721","STVAAEN","2023-05-17","",""
"Tribes of the Wind","Standalone","For Sale","USD",50,"N/A","N/A","La Boîte de Jeu","2329 / Room 142 (Hachette Boardgames)","N/A","N/A",135,"362986","640005","BDJTDVEN","2023-05-24","",""
"Vivarium","Standalone","For Sale","USD",25,"N/A","N/A","Studio H","2329 / Room 142 (Hachette Boardgames)","N/A","N/A",71,"361240","625410","STVIVEN","2023-05-31","",""
"Oltréé: Undead & Alive","Expansion","For Sale","USD",20,"N/A","N/A","Studio H","2329 / Room 142 (Hachette Boardgames)","N/A","N/A",81,"352979","591426","STOLT2EN","2023-05-31","",""
"Gosu X","Standalone","For Sale","USD",35,"N/A","N/A","Sorry We Are French","2329 / Room 142 (Hachette Boardgames)","N/A","N/A",51,"368119","626327","	SWGOS-EN","2023-03-30","",""
"In the Footsteps of Darwin","Standalone","For Sale","USD",40,"N/A","N/A","Sorry We Are French","2329 / Room 142 (Hachette Boardgames)","N/A","N/A",102,"376683","643352","SWDAR01EN","2023-06-07","",""
"Hellapagos: Big Box","Standalone","For Sale","USD",30,"N/A","N/A","Gigamic","2329 / Room 142 (Hachette Boardgames)","N/A","N/A",47,"347802","635349","GFXLH-EN","2023-06-14","",""
"Rauha","Standalone","For Sale","USD",45,"N/A","N/A","GRRRE Games","2329 / Room 142 (Hachette Boardgames)","N/A","N/A",75,"371922","634462","GGRAU01EN","2023-06-28","",""
"Miller Zoo","Standalone","For Sale","USD",35,"N/A","N/A","Randolph","2329 / Room 142 (Hachette Boardgames)","N/A","N/A",63,"371482","645858","RANMZ01EN","2023-07-12","",""
"Seas of Strife","Standalone","For Sale","USD",15,"N/A","N/A","Rio Grande Games","","N/A","N/A",50,"225482","644747","","2023-06-00","",""
"Wabash Cannonball","Standalone","For Sale","USD",40,"N/A","N/A","Rio Grande Games","","N/A","N/A",24,"31730","650548","RIO645","2023-08-00","",""
"Balkan Railways","Standalone","For Sale","USD",40,"N/A","N/A","Rio Grande Games","","N/A","N/A",15,"380891","650664","RIO644","2023-08-00","",""
"Druids","Standalone",,"N/A","N/A","N/A","N/A","Rio Grande Games","","N/A","N/A",21,"378913","647388","","2023-03-00","Q3/Q4 2023",""
"1930","Standalone","For Sale","N/A","N/A","N/A","N/A","Rio Grande Games","","N/A","N/A",26,"380839","650547","RIO640","2023-03-00","Q3/Q4 2023",""
"Burg Appenzell","Standalone","For Sale","USD",50,"N/A","N/A","Rio Grande Games","","N/A","N/A",16,"28089","656848","337","2023-06-00","",""
"Overlords of Infamy","Standalone","For Sale","USD",70,"N/A","N/A","Obscure Reference Games","841","N/A","N/A",5,"178030","442622","","2019-08-01","Q3 2022",""
"Overlords of Infamy: Misery Loves Company","Expansion","For Sale","USD",40,"N/A","N/A","Obscure Reference Games","841","N/A","N/A",5,"267567","435906","","2022-00-00","Q3 2022",""
"Battlestations: Dirtside","Standalone","For Sale","USD",120,"N/A","N/A","Gorilla Games","","N/A","N/A",12,"274085","447328","","2020-03-00","Q2 2023",""
"General Orders: World War II","Standalone","For Sale","USD",35,"N/A","N/A","Osprey Games","2737","N/A","N/A",57,"381435","651581","","2023-10-24","",""
"Buru","Standalone","Demo","N/A","N/A","N/A","N/A","Crafty Games","2019","N/A","N/A",27,"316312","520733","CFG16001","2022-09-00","Q3 2023",""
"Tabriz","Standalone","Demo","N/A","N/A","N/A","N/A","Crafty Games","2019","N/A","N/A",58,"349369","584157","CFG15007","2023-00-00","Q3/Q4 2023",""
"Kiwi Chow Down","Standalone","For Sale","USD",70,"USD",60,"Draco Studios","1449","N/A","N/A",11,"329546","548107","","2023-04-00","",""
"Dragonbond: Lords of Vaala","Standalone","For Sale","USD",60,"USD",50,"Draco Studios","1449","N/A","N/A",14,"337098","561025","","2023-04-00","",""
"Regroup!: Chicken Army","Standalone","For Sale","USD",12,"USD",10,"Draco Studios","1449","N/A","N/A",13,"350637","586538","","2023-04-00","",""
"Party Panda Pirates","Standalone","Demo","N/A","N/A","N/A","N/A","Draco Studios","1449","N/A","N/A",7,"365119","620128","","2023-00-00","",""
"The Stifling Dark","Standalone","Demo","N/A","N/A","N/A","N/A","Sophisticated Cerberus Games, LLC","2945","N/A","N/A",26,"346773","578718","","2024-00-00","",""
"Distilled","Standalone","For Sale","USD",90,"N/A","N/A","Paverson Games","2753","N/A","N/A",156,"295895","484268","PVG01000","2023-04-21","",""
"Luthier","Standalone","Demo","N/A","N/A","N/A","N/A","Paverson Games","2753","N/A","N/A",92,"371330","633272","","2024-00-00","",""
"Linkto Food","Standalone","For Sale","USD",13,"N/A","N/A","Randolph","2329 / Room 142 (Hachette Boardgames)","N/A","N/A",43,"267359","614789","RANLTC01EN","2023-04-26","",""
"The Expedition","Standalone","For Sale","USD",15,"N/A","N/A","Lowtek Games LLC","163","N/A","N/A",10,"386031","657369","","2023-08-00","",""
"Tokaido Duo","Standalone","Demo","N/A","N/A","N/A","N/A","Funforge","1321, 1429, 1521 (Flat River Group)","N/A","N/A",68,"363183","615428","TKDDUOUS01 - SEP22","2023-08-00","",""
"Queen by Midnight","Standalone","For Sale","USD",70,"N/A","N/A","Darrington Press","2835","N/A","N/A",65,"386198","657578","","2023-08-00","",""
"Barcelona","Standalone","For Sale","N/A","N/A","N/A","N/A","Board&Dice","2527","N/A","N/A",229,"383607","655511","","2023-00-00","Q3 2023",""
"Pirate Tails","Standalone","For Sale","USD",15,"N/A","N/A","Skybound Tabletop","2543","N/A","N/A",25,"386834","658712","","2023-09-06","",""
"Undaunted: Battle of Britain","Standalone","For Sale","USD",55,"N/A","N/A","Osprey Games","2737","N/A","N/A",114,"366495","623048","","2023-06-15","",""
"Goblin Vaults","Standalone","For Sale","USD",25,"N/A","N/A","Thunderworks Games","2539","N/A","N/A",38,"334652","556771","TWK4010","2023-02-28","",""
"Dawn of Ulos","Standalone","For Sale","USD",70,"N/A","N/A","Thunderworks Games","2539","N/A","N/A",52,"366790","623696","TWK4600","2023-08-15","",""
"Retrograde","Standalone","For Sale","N/A","N/A","N/A","N/A","Resonym","2304","N/A","N/A",14,"351651","588403","RTRO01RES","2023-01-25","",""
"Glitch Squad","Standalone","For Sale","N/A","N/A","N/A","N/A","Resonym","2304","N/A","N/A",16,"358807","603586","","2023-04-05","",""
"CDSK","Standalone","For Sale","USD",35,"N/A","N/A","Randolph","2329 / Room 142 (Hachette Boardgames)","N/A","N/A",38,"383789","655776","RANTTMC01US","2023-08-16","",""
"Decrypto","Standalone","For Sale","USD",25,"N/A","N/A","Le Scorpion Masqué","2329 / Room 142 (Hachette Boardgames)","N/A","N/A",96,"225694","645438","SMDEC03EN","2023-08-02","",""
"IKI: Akebono","Expansion","For Sale","USD",37,"N/A","N/A","Sorry We Are French","2329 / Room 142 (Hachette Boardgames)","N/A","N/A",117,"375824","641788","SWIKIE","2023-07-19","",""
"Suspects: Claire Harper, Eternal Investigator","Standalone","For Sale","USD",30,"N/A","N/A","Studio H","2329 / Room 142 (Hachette Boardgames)","N/A","N/A",65,"360956","659149","STSU02EN","2023-08-23","",""
"Northgard: Uncharted Lands – Warchiefs","Expansion","For Sale","USD",28,"N/A","N/A","Studio H","2329 / Room 142 (Hachette Boardgames)","N/A","N/A",41,"366744","655557","STNOWAREN","2023-08-09","",""
"Northgard: Uncharted Lands – Wilderness","Expansion","For Sale","USD",28,"N/A","N/A","Studio H","2329 / Room 142 (Hachette Boardgames)","N/A","N/A",42,"366746","655558","STNOWILEN","2023-08-09","",""
"Critical Sanctuary: Season 1","Standalone","For Sale","USD",35,"N/A","N/A","Gigamic","2329 / Room 142 (Hachette Boardgames)","N/A","N/A",56,"377506","655007","GCRSA-EN","2023-08-30","",""
"Romi Rami","Standalone","For Sale","USD",15,"N/A","N/A","Randolph","2329 / Room 142 (Hachette Boardgames)","N/A","N/A",38,"383790","655777","RANRR01EN","2023-09-13","",""
"Bravo Bravo","Standalone","For Sale","USD",10,"N/A","N/A","Randolph","2329 / Room 142 (Hachette Boardgames)","N/A","N/A",43,"382507","653475","RANBB01EN","2023-09-27","",""
"Zhanguo: The First Empire","Standalone","Demo","N/A","N/A","N/A","N/A","Sorry We Are French","2329 / Room 142 (Hachette Boardgames)","N/A","N/A",95,"381819","652198","SWZHA","2023-10-04","",""
"Maximum Apocalypse: Wasted Wilds","Standalone","For Sale","N/A","N/A","N/A","N/A","Rock Manor Games","","N/A","N/A",14,"335446","558088","","2023-05-00","",""
"Lawyer Up: Season 1","Standalone","For Sale","N/A","N/A","N/A","N/A","Rock Manor Games","","N/A","N/A",12,"366888","623861","","2023-00-00","Q3 2023",""
"Lawyer Up: Season 2","Standalone","For Sale","N/A","N/A","N/A","N/A","Rock Manor Games","","N/A","N/A",16,"361333","609697","","2023-00-00","Q3 2023",""
"Cosmoctopus","Standalone","For Sale","USD",40,"N/A","N/A","Lucky Duck Games","361","N/A","N/A",88,"362020","657484","","2023-08-00","",""
"My Shelfie","Standalone","For Sale","USD",40,"N/A","N/A","Lucky Duck Games","361","N/A","N/A",58,"366456","639564","LKY MSH-R01-EN","2023-04-00","",""
"Nimalia","Standalone","For Sale","USD",20,"N/A","N/A","Lucky Duck Games","361","N/A","N/A",46,"361850","639566","LKY NML-R01-ML","2023-05-00","",""
"It's a Wonderful World: Leisure & Decadence","Expansion","For Sale","USD",40,"N/A","N/A","Lucky Duck Games","361","N/A","N/A",37,"334767","649884","","2023-05-00","",""
"Oros","Standalone","For Sale","USD",50,"N/A","N/A","Lucky Duck Games","361","N/A","N/A",41,"313807","516636","","2023-01-00","",""
"Suspects: Adele and Neville, Investigative Reporters","Standalone","Demo","N/A","N/A","N/A","N/A","Studio H","2329 / Room 142 (Hachette Boardgames)","N/A","N/A",69,"387202","659243","STSU03EN","2023-09-20","",""
"Virtual Revolution","Standalone","Demo","N/A","N/A","N/A","N/A","Studio H","2329 / Room 142 (Hachette Boardgames)","N/A","N/A",46,"387263","659315","STVREN","2023-10-25","",""
"Smash Up: Excellent Movies, Dudes!","Standalone","For Sale","USD",25,"N/A","N/A","Alderac Entertainment Group","403","N/A","N/A",28,"379164","647768","AEG 5519","2023-07-14","",""
"Boss Monster: 10th Anniversary Edition","Standalone","For Sale","USD",25,"N/A","N/A","Brotherwise Games","339","N/A","N/A",25,"386660","658441","BGM504","0000-00-00","July 2023",""
"Overboss Duel","Standalone","For Sale","USD",30,"N/A","N/A","Brotherwise Games","339","N/A","N/A",37,"378737","647034","","0000-00-00","Q3 2023",""
"Castles by the Sea","Standalone","Demo","N/A","N/A","N/A","N/A","Brotherwise Games","339","N/A","N/A",59,"357841","601683","","2023-08-16","",""
"Empire's End","Standalone","Demo","N/A","N/A","N/A","N/A","Brotherwise Games","339","N/A","N/A",134,"356952","600116","","2023-11-15","",""
"Robotech: Reconstruction","Standalone","For Sale","USD",45,"N/A","N/A","Strange Machine Games","2645","N/A","N/A",21,"331795","552091","","2023-01-00","",""
"Loot Dispute","Standalone","For Sale","USD",20,"N/A","N/A","Gold Seal Games","","N/A","N/A",6,"362889","614675","","2023-08-00","",""
"By the Seashore","Standalone","For Sale","USD",20,"N/A","N/A","Gold Seal Games","","N/A","N/A",24,"382211","652842","","2023-08-00","",""
"War of Civilizations","Standalone","For Sale","USD",70,"N/A","N/A","Bluencore","2765","N/A","N/A",14,"351535","588148","","2023-08-00","",""
"Seas of Havoc","Standalone","For Sale","N/A","N/A","N/A","N/A","Rock Manor Games","","N/A","N/A",25,"343525","572995","","2023-06-00","",""
"District Noir","Standalone","For Sale","USD",15,"N/A","N/A","Pandasaurus Games","215","N/A","N/A",53,"216497","648543","","2023-08-04","",""
"Beacon Patrol","Standalone","For Sale","USD",20,"N/A","N/A","Pandasaurus Games","215","N/A","N/A",52,"362976","649656","","2023-08-04","",""
"Aurum","Standalone","For Sale","USD",15,"N/A","N/A","Pandasaurus Games","215","N/A","N/A",66,"383459","655254","","2023-08-16","",""
"Ultimate Treehouse","Standalone","For Sale","USD",35,"N/A","N/A","Fat Brain Toy Company","2204","N/A","N/A",15,"387197","659237","FA452-1","2023-08-03","",""
"Cosmic Frog: Find Muck","Expansion","For Sale","N/A","N/A","N/A","N/A","Devious Weasel Games","836","N/A","N/A",59,"378028","645542","DWE5050","2023-08-00","",""
"Drop Drive","Standalone","Demo","N/A","N/A","N/A","N/A","Phase Shift Games","169","N/A","N/A",39,"308028","505652","","2023-08-03","",""
"Sagrada Artisans","Standalone","For Sale","USD",75,"N/A","N/A","Floodgate Games","439","N/A","N/A",117,"369751","629637","","2023-09-00","",""
"Pollen","Standalone","For Sale","USD",39,"N/A","N/A","Allplay","1641","N/A","N/A",59,"369898","629866","","2023-05-00","",""
"Fiction","Standalone","For Sale","N/A","N/A","N/A","N/A","Allplay","1641","N/A","N/A",56,"380439","649860","","2023-05-00","",""
"Big Top","Standalone","For Sale","USD",19,"N/A","N/A","Allplay","1641","N/A","N/A",41,"369899","629867","","2023-05-00","",""
"Roll to the Top: Journeys","Standalone","For Sale","USD",39,"N/A","N/A","Allplay","1641","N/A","N/A",31,"370193","630966","","2023-05-00","",""
"Chomp","Standalone","For Sale","USD",19,"N/A","N/A","Allplay","1641","N/A","N/A",56,"377449","644587","","2023-08-00","",""
"Sail","Standalone","For Sale","USD",19,"N/A","N/A","Allplay","1641","N/A","N/A",182,"377470","644628","","2023-08-00","",""
"Couture","Standalone","For Sale","USD",19,"N/A","N/A","Allplay","1641","N/A","N/A",39,"377716","645059","","2023-08-00","",""
"Mind Space","Standalone","For Sale","USD",19,"N/A","N/A","Allplay","1641","N/A","N/A",54,"377420","644516","","2023-08-00","",""
"Chicken!","Standalone","For Sale","USD",20,"N/A","N/A","Keymaster Games","2213","N/A","N/A",62,"371535","633652","","2023-08-00","",""
"Ra","Standalone","For Sale","N/A","N/A","N/A","N/A","25th Century Games","2723","N/A","N/A",161,"12","613217","TFC20500","2023-03-00","",""
"Splito","Standalone","For Sale","USD",20,"N/A","N/A","25th Century Games","2723","N/A","N/A",44,"359878","630488","","2023-07-00","",""
"Fika","Standalone","For Sale","USD",15,"N/A","N/A","25th Century Games","2723","N/A","N/A",59,"292914","633639","","2023-07-00","",""
"Space Explorers: Age of Ambition","Expansion","For Sale","USD",30,"N/A","N/A","25th Century Games","2723","N/A","N/A",40,"346246","577706","TFC04500","2023-06-00","",""
"Star Wars: Rivals – Series 1: Character Booster Pack","Expansion","For Sale","USD",5,"N/A","N/A","Funko Games","1807 / Room 137","N/A","N/A",40,"385411","656512","73719","2023-06-00","",""
"Cranium 25th Anniversary Edition","Standalone","For Sale","USD",35,"N/A","N/A","Funko Games","1807 / Room 137","N/A","N/A",30,"379178","647787","69249","2023-06-00","",""
"Cranium Hoopla","Standalone","For Sale","USD",20,"N/A","N/A","Funko Games","1807 / Room 137","N/A","N/A",29,"4424","647789","69250","2023-06-00","",""
"Cranium Hullabaloo","Standalone","For Sale","USD",20,"N/A","N/A","Funko Games","1807 / Room 137","N/A","N/A",26,"7307","647788","69251","2023-06-00","",""
"Cranium Big Brain Detective Game","Standalone","For Sale","USD",23,"N/A","N/A","Funko Games","1807 / Room 137","N/A","N/A",27,"379179","647790","69252","2023-06-00","",""
"Avatar: The Last Airbender – Crossroads of Destiny","Standalone","For Sale","USD",35,"N/A","N/A","Funko Games","1807 / Room 137","N/A","N/A",46,"393492","669445","66944","2023-00-00","Q3 2023",""
"Scream: The Game","Standalone","For Sale","USD",20,"N/A","N/A","Funko Games","1807 / Room 137","N/A","N/A",40,"386135","657496","70515","2023-06-00","",""
"Star Trek: Cryptic – A Puzzles and Pathways Adventure","Standalone","For Sale","USD",35,"N/A","N/A","Funko Games","1807 / Room 137","N/A","N/A",39,"386143","657504","66939","2023-06-00","",""
"Big Boss","Standalone","For Sale","USD",35,"N/A","N/A","Funko Games","1807 / Room 137","N/A","N/A",45,"313","657526","69254","2023-06-00","",""
"Disney Animated","Standalone","For Sale","USD",35,"N/A","N/A","Funko Games","1807 / Room 137","N/A","N/A",64,"382229","652888","69973","2023-00-00","Q2 2023",""
"NUCK TATS","Standalone","For Sale","USD",20,"N/A","N/A","Funko Games","1807 / Room 137","N/A","N/A",28,"386139","657500","71813","2023-06-00","",""
"Indiana Jones: Sands of Adventure","Standalone","For Sale","USD",30,"N/A","N/A","Funko Games","1807 / Room 137","N/A","N/A",41,"384175","656199","","2023-06-18","",""
"Something Wild! SpongeBob SquarePants","Standalone","For Sale","USD",0.0001,"N/A","N/A","Funko Games","1807 / Room 137","N/A","N/A",27,"394863","671640","69266","2023-00-00","Q2 2023",""
"Something Wild! Jurassic Park","Standalone","For Sale","USD",0.0001,"N/A","N/A","Funko Games","1807 / Room 137","N/A","N/A",29,"394864","671641","70884","2023-00-00","Q2 2023",""
"Change My Mind","Standalone","Demo","N/A","N/A","N/A","N/A","(Self-Published)","See listings","N/A","N/A",21,"386961","658931","","0000-00-00","Q1 2024",""
"Patriot","Standalone","For Sale","USD",90,"N/A","N/A","Grand Gamers Guild","2313","N/A","N/A",30,"251825","404241","","2023-00-00","",""
"Ducks in Tow: The Bugs & Slugs Expansion","Expansion","For Sale","USD",20,"N/A","N/A","First Fish Games","357","N/A","N/A",11,"366277","622575","","2023-00-00","Q4 2023",""
"Kalahari","Standalone","Demo","N/A","N/A","N/A","N/A","Envy Born Games","Room 107-110 (First Exposure Playtest Hall)","N/A","N/A",11,"394438","671083","BBO700","2024-00-00","",""
"Mr. Lovenstein Presents: No Context","Standalone","For Sale","USD",25,"N/A","N/A","Skybound Tabletop","2543","N/A","N/A",17,"382581","653592","","0000-00-00","",""
"Boo-ty Call","Standalone","For Sale","USD",18,"N/A","N/A","Skybound Tabletop","2543","N/A","N/A",18,"362888","614674","","0000-00-00","",""
"Linko","Standalone","For Sale","USD",15,"N/A","N/A","AMIGO","","N/A","N/A",13,"153065","661057","","2023-00-00","",""
"Pick-a-Pepper","Standalone","For Sale","USD",27,"N/A","N/A","AMIGO","","N/A","N/A",12,"368103","658144","","2023-09-00","",""
"Cargo Empire","Standalone","Demo","N/A","N/A","N/A","N/A","Moaideas Game Design","2958","N/A","N/A",9,"394512","671185","","2023-00-00","",""
"Vs. System 2PCG: The Boys","Standalone","For Sale","USD",35,"N/A","N/A","Upper Deck Entertainment","1205","N/A","N/A",3,"395480","672460","","2023-07-12","",""
"Vs. System 2PCG: AEW","Standalone","For Sale","USD",35,"N/A","N/A","Upper Deck Entertainment","1205","N/A","N/A",4,"395484","672466","","2023-08-00","",""
"Reign of Hades","Standalone","Demo","N/A","N/A","N/A","N/A","Legend Crafters","2439","N/A","N/A",4,"395405","672362","","2025-00-00","",""
"Footprints","Standalone","Demo","N/A","N/A","N/A","N/A","Chilifox Games","2111 (Surfin' Meeple)","N/A","N/A",20,"386271","657767","","2023-10-05","",""
"Shadows: Heroes & Monsters","Standalone","For Sale","USD",50,"N/A","N/A","Keun Games","674","N/A","N/A",7,"346109","577418","","2023-03-00","",""
"Wiz-War (9th Edition)","Standalone","For Sale","USD",40,"N/A","N/A","Steve Jackson Games","1401","N/A","N/A",8,"324937","537230","","2023-07-00","",""
"Harvest","Standalone","Demo","N/A","N/A","N/A","N/A","Keymaster Games","2213","N/A","N/A",12,"395623","672697","","2024-00-00","",""
"The Artemis Odyssey","Standalone","For Sale","USD",60,"N/A","N/A","Grand Gamers Guild","2313","N/A","N/A",69,"329128","547248","GGDAR05","2023-07-00","",""
"Ahau: Rulers of Yucatán","Standalone","For Sale","USD",70,"N/A","N/A","Grand Gamers Guild","2313","N/A","N/A",64,"321140","529530","","2023-10-00","",""
"Ahau: Eclipse","Expansion","For Sale","USD",15,"N/A","N/A","Grand Gamers Guild","2313","N/A","N/A",37,"363572","616483","","2023-05-00","",""
"The Artemis Project: Satellites & Commanders","Expansion","For Sale","USD",30,"N/A","N/A","Grand Gamers Guild","2313","N/A","N/A",43,"356578","599392","","2023-07-00","",""
"Holiday Hijinks #7: The Turkey Trial","Standalone","For Sale","USD",11,"N/A","N/A","Grand Gamers Guild","2313","N/A","N/A",37,"381629","651864","","2023-07-00","",""
"The Artemis Project","Standalone","For Sale","USD",70,"N/A","N/A","Grand Gamers Guild","2313","N/A","N/A",54,"254713","650602","","2023-07-00","",""
"The Isofarian Guard","Standalone","For Sale","USD",160,"N/A","N/A","Sky Kingdom Games","","N/A","N/A",53,"281526","459472","","2023-05-00","",""
"Dungeons of Infinity","Standalone","For Sale","USD",90,"N/A","N/A","Sky Kingdom Games","","N/A","N/A",32,"193715","576283","","2023-08-00","",""
"Roll Camera: Story Pack – Murder Mystery","Expansion","For Sale","USD",12,"N/A","N/A","Keen Bean Studio","2313 (Grand Gamers Guild)","N/A","N/A",35,"383183","654719","","0000-00-00","June 2023",""
"Bestiary of Sigillum: Collector's Edition","Standalone","For Sale","USD",60,"N/A","N/A","CrowD Games","1263","N/A","N/A",19,"366577","623198","","2023-08-15","",""
"Prehistories: Evolutions","Expansion","For Sale","USD",20,"N/A","N/A","25th Century Games","2723","N/A","N/A",25,"358595","647160","","2023-06-00","",""
"Águeda: City of Umbrellas","Standalone","Demo","N/A","N/A","N/A","N/A","25th Century Games","2723","N/A","N/A",68,"317515","576756","","0000-00-00","Q3 2023",""
"Donut Shop","Standalone","Demo","N/A","N/A","N/A","N/A","25th Century Games","2723","N/A","N/A",65,"332170","552661","","2023-00-00","",""
"Color Field","Standalone","Demo","N/A","N/A","N/A","N/A","25th Century Games","2723","N/A","N/A",40,"280694","458092","","2023-00-00","",""
"Unmatched: Brains and Brawn","Standalone","For Sale","USD",50,"N/A","N/A","Restoration Games","1635","N/A","N/A",55,"383467","655261","","2023-07-00","",""
"Unmatched: For King and Country","Standalone","For Sale","USD",50,"N/A","N/A","Restoration Games","1635","N/A","N/A",36,"326937","542365","","2023-05-17","",""
"Return to Dark Tower","Standalone","For Sale","USD",190,"N/A","N/A","Restoration Games","1635","N/A","N/A",43,"256680","657311","REO9200","2023-03-00","",""
"Unmatched Adventures: Tales to Amaze","Standalone","Demo","N/A","N/A","N/A","N/A","Restoration Games","1635","N/A","N/A",90,"381297","651347","","2023-00-00","",""
"Thunder Road: Vendetta","Standalone","For Sale","USD",60,"N/A","N/A","Restoration Games","1635","N/A","N/A",109,"342070","570348","","2023-05-31","",""
"Forges of Ravenshire","Standalone","Demo","N/A","N/A","N/A","N/A","B.A. Games","464","N/A","N/A",31,"367833","625673","","2024-04-00","",""
"The Fox Experiment","Standalone","For Sale","USD",60,"N/A","N/A","Pandasaurus Games","215","N/A","N/A",166,"368432","627003","","2023-09-00","",""
"Sea Salt & Paper","Standalone","For Sale","USD",15,"N/A","N/A","Pandasaurus Games","215","N/A","N/A",152,"367220","655459","","2023-09-00","",""
"CuBirds","Standalone","For Sale","USD",20,"N/A","N/A","Pandasaurus Games","215","N/A","N/A",52,"245476","659294","","2023-09-00","",""
"Exit: The Game – Advent Calendar: The Silent Storm","Standalone","For Sale","USD",50,"N/A","N/A","KOSMOS","2405","N/A","N/A",38,"356314","642886","683009","2023-07-00","",""
"Exit: The Game – Kids: Jungle of Riddles","Standalone","For Sale","USD",18,"N/A","N/A","KOSMOS","2405","N/A","N/A",16,"366316","642891","692867","2023-06-00","",""
"EXIT: The Game – The Disappearance of Sherlock Holmes","Standalone","For Sale","USD",18,"N/A","N/A","KOSMOS","2405","N/A","N/A",29,"366318","642888","692866","2023-06-00","",""
"Exit: The Game – The Professor's Last Riddle","Standalone","For Sale","USD",18,"N/A","N/A","KOSMOS","2405","N/A","N/A",21,"356313","642892","692864","2023-03-00","",""
"High Score","Standalone","For Sale","USD",15,"N/A","N/A","KOSMOS","2405","N/A","N/A",37,"341416","642920","680572","2023-03-00","",""
"Inside Job","Standalone","For Sale","USD",20,"N/A","N/A","KOSMOS","2405","N/A","N/A",70,"324914","642909","682484","2023-05-00","",""
"The Legends of Andor: The Eternal Frost","Standalone","Demo","N/A","N/A","N/A","N/A","KOSMOS","2405","N/A","N/A",35,"363086","655798","","2023-07-00","",""
"Perseverance: Castaway Chronicles – Episodes 3 & 4","Standalone","Demo","N/A","N/A","N/A","N/A","Mindclash Games","366","N/A","N/A",71,"387849","660121","","2024-00-00","Q3 2024",""
"Astra","Standalone","For Sale","N/A","N/A","N/A","N/A","Mindclash Games","366","N/A","N/A",31,"369270","628780","","2022-11-22","",""
"Dead Cells: The Rogue-Lite Board Game","Standalone","Demo","N/A","N/A","N/A","N/A","Le Scorpion Masqué","2329 / Room 142 (Hachette Boardgames)","N/A","N/A",123,"380135","649312","","2024-00-00","",""
"3 Ring Circus","Standalone","For Sale","USD",40,"N/A","N/A","Devir","2719","N/A","N/A",257,"371947","634503","","2023-08-18","",""
"Ierusalem: Anno Domini","Standalone","For Sale","USD",60,"N/A","N/A","Devir","2719","N/A","N/A",191,"371972","634537","","2023-04-10","",""
"Savernake Forest","Standalone","For Sale","USD",20,"N/A","N/A","Devir","2719","N/A","N/A",131,"369142","0",,,,""
"Blind Business","Standalone","For Sale","USD",12,"N/A","N/A","Devir","2719","N/A","N/A",117,"371973","634538","","2023-07-01","",""
"Yokai Sketch","Standalone","For Sale","USD",12,"N/A","N/A","Devir","2719","N/A","N/A",107,"371981","634553","","2023-07-01","",""
"After Us","Standalone","For Sale","USD",50,"N/A","N/A","Pandasaurus Games","215","N/A","N/A",155,"369548","657788","","2023-08-09","",""
"Emerge","Standalone","For Sale","USD",50,"N/A","N/A","Pandasaurus Games","215","N/A","N/A",120,"387201","659242","","2023-09-06","",""
"Forbidden Jungle","Standalone","For Sale","USD",32,"N/A","N/A","Gamewright","1907","N/A","N/A",157,"380226","649476","429","2023-00-00","Q3 2023",""
"Bonsai","Standalone","For Sale","USD",35,"N/A","N/A","DV Games","1813","N/A","N/A",99,"366994","624027","DVG9054","2023-09-04","",""
"Great Western Trail: New Zealand","Standalone","Demo","N/A","N/A","N/A","N/A","eggertspiele","809, 815, 823, 929, 1109, 1115 (Asmodee)","N/A","N/A",232,"380607","650128","","2023-08-11","",""
"Sky Team","Standalone","For Sale","USD",30,"N/A","N/A","Le Scorpion Masqué","2329 / Room 142 (Hachette Boardgames)","N/A","N/A",134,"373106","636523","","2023-10-00","",""
"Nautilus Island","Standalone","Demo","N/A","N/A","N/A","N/A","Funnyfox","2329 / Room 142 (Hachette Boardgames)","N/A","N/A",58,"378568","646640","","2023-10-11","",""
"Age of Innovation","Standalone","For Sale","USD",100,"N/A","N/A","Capstone Games","1649","N/A","N/A",187,"383179","654711","","2023-08-00","",""
"Lunar Rush","Standalone","For Sale","USD",55,"N/A","N/A","Dead Alive Games","2932","N/A","N/A",26,"356873","599955","","2023-09-00","",""
"Beer & Bread","Standalone","For Sale","USD",35,"N/A","N/A","Capstone Games","1649","N/A","N/A",96,"369880","629836","","2023-01-12","",""
"Wandering Towers","Standalone","For Sale","USD",45,"N/A","N/A","Capstone Games","1649","N/A","N/A",97,"355483","649898","ABTOW01","2023-08-00","",""
"Sirens","Standalone","Demo","N/A","N/A","N/A","N/A","Envy Born Games","Room 107-110 (First Exposure Playtest Hall)","N/A","N/A",39,"375616","641364","BBO600","0000-00-00","2023/2024",""
"My City: Roll & Build","Standalone","For Sale","USD",20,"N/A","N/A","KOSMOS","2405","N/A","N/A",66,"351476","642906","682385","2023-05-00","",""
"My Island","Standalone","For Sale","USD",40,"N/A","N/A","KOSMOS","2405","N/A","N/A",186,"359394","645518","691487","2023-00-00","Q3 2023",""
"Noobs in Space","Standalone","For Sale","USD",15,"N/A","N/A","KOSMOS","2405","N/A","N/A",18,"376472","642913","683771","2023-08-00","",""
"The Adventures of Robin Hood: Friar Tuck in Danger","Expansion","For Sale","USD",30,"N/A","N/A","KOSMOS","2405","N/A","N/A",46,"351863","642919","683146","2023-03-17","",""
"The Lord of the Rings: Adventure to Mount Doom","Standalone","For Sale","USD",30,"N/A","N/A","KOSMOS","2405","N/A","N/A",52,"366278","642894","682804","2023-00-00","",""
"Scram!","Standalone","For Sale","USD",10,"N/A","N/A","Bézier Games","331","N/A","N/A",26,"385799","657088","BEZ SCRM","2023-08-03","",""
"Maglev Maps: Volume 1","Expansion","For Sale","USD",100,"N/A","N/A","Bézier Games","331","N/A","N/A",32,"380925","650736","BEZMAGX","0000-00-00","",""
"Castles of Mad King Ludwig: Collector's Edition","Standalone","For Sale","USD",200,"N/A","N/A","Bézier Games","331","N/A","N/A",52,"326945","542380","CACE","2022-07-00","Q3 2022",""
"Arborea","Standalone","Demo","N/A","N/A","N/A","N/A","Alley Cat Games","2766","N/A","N/A",112,"371077","632815","","2023-10-00","",""
"Amun-Re: 20th Anniversary Edition","Standalone","For Sale","N/A","N/A","N/A","N/A","Alley Cat Games","2766","N/A","N/A",95,"354568","595221","","2023-07-00","",""
"Magic Rabbit","Standalone","For Sale","USD",22,"N/A","N/A","Alley Cat Games","2766","N/A","N/A",23,"303669","655004","","2023-06-00","",""
"Rome in a Day","Standalone","For Sale","N/A","N/A","N/A","N/A","Alley Cat Games","2766","N/A","N/A",51,"358284","655002","","2023-07-00","",""
"Star Fighters: Rapid Fire","Standalone","For Sale","N/A","N/A","N/A","N/A","Alley Cat Games","2766","N/A","N/A",20,"348216","581989","","2023-04-00","",""
"Ivion: The Fox & the Forest","Standalone","For Sale","USD",40,"N/A","N/A","APE Games","2439","N/A","N/A",12,"368720","627498","IV002FF","2023-09-00","",""
"Ivion: The Ram and the Raven","Standalone","For Sale","USD",40,"N/A","N/A","APE Games","2439","N/A","N/A",12,"368605","627306","","2023-09-00","",""
"Ivion: The Rune and the Rime","Standalone","For Sale","USD",40,"N/A","N/A","APE Games","2439","N/A","N/A",12,"368749","627540","IV002RunRi","2023-09-00","",""
"Pampero","Standalone","Demo","N/A","N/A","N/A","N/A","APE Games","2439","N/A","N/A",141,"304510","524780","","2023-11-00","",""
"Chaos Cove","Standalone","Demo","N/A","N/A","N/A","N/A","APE Games","2439","N/A","N/A",19,"228657","357374","","2024-00-00","Q2 2024",""
"The Rich and the Good","Standalone","For Sale","USD",40,"N/A","N/A","Ares Games","541","N/A","N/A",40,"38863","609091","","2023-07-00","",""
"Cangaceiros","Standalone","For Sale","USD",65,"N/A","N/A","Ares Games","541","N/A","N/A",36,"377028","644153","","2023-07-00","",""
"Kiss the Goblin","Standalone","For Sale","USD",18,"N/A","N/A","Skybound Tabletop","2543","N/A","N/A",19,"386826","658703","","2023-09-06","",""
"Travel by Trolley","Expansion","For Sale","USD",18,"N/A","N/A","Skybound Tabletop","2543","N/A","N/A",17,"394980","671786","","2023-06-27","",""
"Oh No, Volcano!","Standalone","For Sale","USD",20,"N/A","N/A","Buffalo Games","1907 (Gamewright)","N/A","N/A",15,"393488","669441","","2023-06-15","",""
"Horror on the Orient Express: The Board Game","Standalone","Demo","N/A","N/A","N/A","N/A","Chaosium","509","N/A","N/A",39,"394897","671684","","2025-00-00","",""
"Penny Black","Standalone","For Sale","USD",30,"N/A","N/A","Buffalo Games","1907 (Gamewright)","N/A","N/A",15,"394961","671762","471","2023-08-01","",""
"Deduckto","Standalone","For Sale","USD",13,"N/A","N/A","Gamewright","1907","N/A","N/A",4,"380887","650660","262","2023-00-00","",""
"Butts on Things","Standalone","For Sale","USD",13,"N/A","N/A","Gamewright","1907","N/A","N/A",4,"380889","650662","261","2023-00-00","",""
"Primordial: Creatures of Pandemonium","Standalone","Demo","N/A","N/A","N/A","N/A","IMPOSTER Games","Room 107-110 (First Exposure Playtest Hall)","N/A","N/A",21,"366544","623147","","2024-00-00","",""
"A.E.G.I.S. Combining Robots: Season 2","Standalone","Demo","N/A","N/A","N/A","N/A","Zephyr Workshop","2904","N/A","N/A",6,"330005","549024","","2023-00-00","Q4 2023",""
"Bohnanza: Dahlias","Standalone","For Sale","USD",22,"N/A","N/A","AMIGO","","N/A","N/A",19,"386906","658817","","2023-09-00","Q3 2023",""
"Vrahode: The Calteeryn Ascension","Standalone","Demo","N/A","N/A","N/A","N/A","Weathervane Games, LLC","Room 107-110 (First Exposure Playtest Hall)","N/A","N/A",4,"355576","597410","","0000-00-00","Q4 2023",""
"Art Society","Standalone","Demo","N/A","N/A","N/A","N/A","Mighty Boards","366","N/A","N/A",12,"395375","672320","","2023-00-00","",""
"Miniature Adventures: Adventure 1 – Goblin Troubles","Standalone","Demo","N/A","N/A","N/A","N/A","Lowtek Games LLC","163","N/A","N/A",9,"395313","672218","","0000-00-00","Dec 2023",""
"Federation","Standalone","For Sale","USD",100,"N/A","N/A","Eagle-Gryphon Games","2909 (Meeple Source)","N/A","N/A",35,"345868","647848","","2023-09-00","",""
"Natera: New Beginning","Standalone","Demo","N/A","N/A","N/A","N/A","Horizon Games","See listing","N/A","N/A",10,"379761","648715","","2024-00-00","",""
"Ultimate Treehouse: Promo Pack","Expansion","For Sale","N/A","N/A","N/A","N/A","Fat Brain Toy Company","2204","N/A","N/A",2,"395418","672377","FA452-2","2023-08-03","",""
"Super Dice Battle","Standalone","Demo","N/A","N/A","N/A","N/A","Ephyrean Games","3058","N/A","N/A",4,"395411","672369","SDB001","2024-00-00","",""
"Aerodome","Standalone","For Sale","USD",35,"N/A","N/A","Ephyrean Games","3058","N/A","N/A",5,"345194","575987","","0000-00-00","",""
"Life of the Amazonia","Standalone","For Sale","USD",73,"N/A","N/A","Bad Comet","Hall C : Bad Comet : HQ","N/A","N/A",22,"368305","626661","","2023-08-00","",""
"Beaver Creek","Standalone","For Sale","USD",20,"N/A","N/A","Four Fun Games LLC","3029 (CGS)","N/A","N/A",7,"386018","657355","","2023-09-00","",""
"CATAN: Soccer Fever Scenario","Expansion","For Sale","USD",20,"N/A","N/A","Catan Studio","929","N/A","N/A",14,"381626","651859","","2023-07-14","",""
"CATAN: Starfarers  –  New Encounters","Expansion","For Sale","USD",60,"N/A","N/A","Catan Studio","929","N/A","N/A",15,"376805","664363","CN3007","0000-00-00","Q3 2023",""
"Tricks and Treats","Standalone","For Sale","USD",10,"N/A","N/A","Trick or Treat Studios","","N/A","N/A",14,"127028","625028","","2022-00-00","Q2 2023",""
"Halloween","Standalone","For Sale","USD",60,"N/A","N/A","Trick or Treat Studios","","N/A","N/A",48,"380175","649402","TPQHHB01","0000-00-00","Q3 2023",""
"The Texas Chainsaw Massacre Board Game","Standalone","For Sale","USD",60,"N/A","N/A","Trick or Treat Studios","","N/A","N/A",30,"369082","628287","","0000-00-00","Q3 2022",""
"Gold West","Standalone","For Sale","USD",60,"N/A","N/A","Trick or Treat Studios","","N/A","N/A",47,"154086","649807","","2023-05-23","Q3/Q4 2023",""
"Halloween Party","Standalone","For Sale","USD",10,"N/A","N/A","Trick or Treat Studios","","N/A","N/A",8,"9388","628183","TPQHPB01","0000-00-00","Q2 2022",""
"Snap Ships Tactics","Standalone","Demo","N/A","N/A","N/A","N/A","Snap Ships","1941 (Lynnvander Studios)","N/A","N/A",31,"363841","617261","","2023-00-00","",""
"Make the Difference","Standalone","For Sale","USD",30,"N/A","N/A","Oink Games","2632","N/A","N/A",25,"365727","665993","","0000-00-00","Q3 2023",""
"Tiger & Dragon","Standalone","For Sale","USD",39,"N/A","N/A","Oink Games","2632","N/A","N/A",25,"349992","665989","","0000-00-00","Q3 2023",""
"Davy Jones' Locker: The Kraken Wakes","Standalone","For Sale","USD",80,"N/A","N/A","PudKat Games","2855","N/A","N/A",21,"342081","570387","","2023-08-00","",""
"Elawa","Standalone","Demo","N/A","N/A","N/A","N/A","Bombyx","1460","N/A","N/A",12,"379625","648515","","2023-06-16","",""
"Knarr","Standalone","Demo","N/A","N/A","N/A","N/A","Bombyx","1460","N/A","N/A",12,"379629","648519","","2023-08-00","",""
"Freelancers: A Crossroads Game","Standalone","For Sale","USD",60,"N/A","N/A","Plaid Hat Games","2021","N/A","N/A",63,"383206","654775","PH3800","2023-08-03","",""
"Ashes Reborn: Red Rains – The Corpse of Viros","Expansion","For Sale","USD",40,"N/A","N/A","Plaid Hat Games","2021","N/A","N/A",28,"375374","640916","PH1225-5","2023-07-00","",""
"Mistwind","Standalone","Demo","N/A","N/A","N/A","N/A","First Fish Games","357","N/A","N/A",56,"366251","622507","","2023-00-00","",""
"Oathsworn: Into the Deepwood","Standalone","For Sale","N/A","N/A","N/A","N/A","Shadowborne Games","2136","N/A","N/A",59,"251661","632027","","0000-00-00","Q3 2023",""
"Infiltraitors","Standalone","For Sale","USD",20,"N/A","N/A","Broadway Toys LTD","2762","N/A","N/A",19,"353945","667140","","2023-08-00","",""
"Urubamba Valley","Standalone","Demo","N/A","N/A","N/A","N/A","Broadway Toys LTD","2762","N/A","N/A",16,"391162","665559","","2023-10-00","",""
"The Plot Thickens: Detective Edition","Standalone","For Sale","USD",25,"N/A","N/A","Bright Eye Games","1360","N/A","N/A",14,"210816","329286","","2023-09-00","",""
"The Plot Thickens: Romance Edition","Standalone","For Sale","USD",25,"N/A","N/A","Bright Eye Games","1360","N/A","N/A",10,"210818","329288","","2023-09-00","",""
"The Plot Thickens: Sci-Fi Edition","Standalone","For Sale","USD",25,"N/A","N/A","Bright Eye Games","1360","N/A","N/A",12,"210817","329287","","2023-09-00","",""
"Battle Dentale","Standalone","Demo","N/A","N/A","N/A","N/A","Bright Eye Games","1360","N/A","N/A",8,"391341","665928","BAD001","2023-00-00","",""
"The Last of Us: Escape the Dark","Standalone","Demo","N/A","N/A","N/A","N/A","Themeborne Ltd.","668","N/A","N/A",31,"374593","639074","","2023-12-00","Q1 2024",""
"Deadlines","Standalone","For Sale","USD",20,"N/A","N/A","FoxMind","2002","N/A","N/A",7,"318714","655658","DEADLINES-EN","2023-08-00","",""
"Sports Dice: Hockey","Standalone","For Sale","USD",15,"N/A","N/A","FunWiz","2002 (FoxMind)","N/A","N/A",13,"386268","657754","","2023-08-00","",""
"Memo Rush","Standalone","For Sale","USD",20,"N/A","N/A","FoxMind","2002","N/A","N/A",5,"382937","654264","","2023-06-15","",""
"Piece of Cake","Standalone","For Sale","USD",20,"N/A","N/A","FoxMind","2002","N/A","N/A",11,"386269","657759","","2023-09-00","",""
"Pyramido","Standalone","For Sale","USD",35,"N/A","N/A","Synapses Games","1321, 1429, 1521 (Flat River Group)","N/A","N/A",30,"329484","548002","","2023-09-08","",""
"Bruxelles 1893: Belle Epoque","Standalone","For Sale","USD",70,"N/A","N/A","Geek Attitude Games","1321, 1429, 1521 (Flat River Group)","N/A","N/A",55,"345155","664286","","2023-09-00","",""
"Rumble Jungle","Standalone","For Sale","USD",10,"N/A","N/A","Four Fun Games LLC","3029 (CGS)","N/A","N/A",3,"393198","668981","","2023-09-00","",""
"Sleepy Cats","Standalone","For Sale","USD",10,"N/A","N/A","Four Fun Games LLC","3029 (CGS)","N/A","N/A",3,"393196","668978","","2023-09-00","",""
"Chronicles of Drunagor: Age of Darkness – Apocalypse","Expansion","Demo","N/A","N/A","N/A","N/A","Creative Games Studio LLC","3029","N/A","N/A",5,"337277","561382","","2023-09-00","",""
"DANTE: The Invasion of Hell","Standalone","Demo","N/A","N/A","N/A","N/A","Creative Games Studio LLC","3029","N/A","N/A",10,"368309","626669","","2025-00-00","",""
"Chronicles of Drunagor: Age of Darkness","Standalone","For Sale","USD",139,"N/A","N/A","Creative Games Studio LLC","3029","N/A","N/A",9,"268012","647207","","2023-08-00","",""
"Hello Kitty: Day at the Park","Standalone","Demo","N/A","N/A","N/A","N/A","Maestro Media","265","N/A","N/A",8,"387917","660212","","0000-00-00","",""
"The Smurfs: Hidden Village","Standalone","Demo","N/A","N/A","N/A","N/A","Maestro Media","265","N/A","N/A",8,"391191","665598","","2024-00-00","",""
"Sally Face: Strange Nightmares","Standalone","Demo","N/A","N/A","N/A","N/A","Maestro Media","265","N/A","N/A",6,"366071","622015","","0000-00-00","",""
"The Binding of Isaac: Four Souls Requiem","Expansion","For Sale","USD",35,"N/A","N/A","Maestro Media","265","N/A","N/A",7,"336844","560500","","2023-00-00","",""
"Shut Up, Cat!","Standalone","Demo","N/A","N/A","N/A","N/A","Gravitic Games","2904 (AEGIS)","N/A","N/A",4,"389011","662207","","0000-00-00","Q4 2023",""
"Atlantis Rising: Monstrosities","Expansion","For Sale","USD",45,"N/A","N/A","Elf Creek Games","2741","N/A","N/A",52,"321302","529956","","2023-07-00","",""
"Charcuterie: The Board Game","Standalone","Demo","N/A","N/A","N/A","N/A","3WS Games","151","N/A","N/A",84,"360058","605867","","2023-00-00","",""
"The Stuff of Legend","Standalone","For Sale","USD",100,"N/A","N/A","3WS Games","151","N/A","N/A",41,"256704","413055","","2023-00-00","Q1 2023",""
"Mission Control: Critical Orbit","Standalone","For Sale","USD",40,"N/A","N/A","3WS Games","151","N/A","N/A",42,"360121","605986","","2023-00-00","Q2 2023",""
"Everything Ever","Standalone","For Sale","USD",25,"N/A","N/A","Floodgate Games","439","N/A","N/A",16,"391086","665458","FGG-EE","2023-08-04","",""
"800 Pound Gorilla","Standalone","For Sale","USD",15,"N/A","N/A","Dolphin Hat Games","1550","N/A","N/A",3,"392097","667160","","2023-07-01","",""
"Kinfire Chronicles: Night's Fall","Standalone","For Sale","USD",149,"N/A","N/A","Incredible Dream Studios","2345 (Forteller)","N/A","N/A",81,"364655","619247","","2023-08-00","",""
"Kinfire Delve: Vainglory's Grotto","Standalone","Demo","N/A","N/A","N/A","N/A","Incredible Dream Studios","2345 (Forteller)","N/A","N/A",48,"391795","666708","","2023-10-00","",""
"Horticulture","Standalone","For Sale","USD",25,"N/A","N/A","Last Night Games","2861","N/A","N/A",23,"377032","643909","2023-HORT","2023-05-00","",""
"Galaxy Rush","Standalone","For Sale","USD",30,"N/A","N/A","Last Night Games","2861","N/A","N/A",13,"377576","644798","2023-GALA","2023-05-00","",""
"Star Wars: Shatterpoint","Standalone","For Sale","USD",165,"N/A","N/A","Atomic Mass Games","809, 815, 823, 929, 1109, 1115 (Asmodee)","N/A","N/A",32,"374562","639011","","2023-06-02","",""
"REM Racers","Standalone","Demo","N/A","N/A","N/A","N/A","Corvus Belli","2547","N/A","N/A",7,"381741","652073","","0000-00-00","",""
"Wild Gardens","Standalone","Demo","N/A","N/A","N/A","N/A","Rose Gauntlet Entertainment","364","N/A","N/A",34,"371133","632921","","2024-00-00","Q2 2024",""
"In the Stars","Standalone","Demo","N/A","N/A","N/A","N/A","Sunrise Tornado Game Studio","**See listing","N/A","N/A",16,"356925","600061","","2023-00-00","Q4 2024",""
"FORK","Standalone","Demo","N/A","N/A","N/A","N/A","Sunrise Tornado Game Studio","**See listing","N/A","N/A",22,"370095","630736","","2023-00-00","Q4 2024",""
"1-2-3 Cheese!","Standalone","Demo","N/A","N/A","N/A","N/A","Sunrise Tornado Game Studio","**See listing","N/A","N/A",10,"337487","561706","","2022-01-00","Q3 2024",""
"Trailblazers","Standalone","For Sale","USD",50,"N/A","N/A","Bitewing Games","1641 (Allplay)","N/A","N/A",65,"352454","590525","","2023-06-00","",""
"Last Light","Standalone","For Sale","N/A","N/A","N/A","N/A","Grey Fox Games","2603","N/A","N/A",214,"315727","519860","","2023-04-00","Q3 2023",""
"Sanssouci","Standalone","For Sale","USD",50,"USD",40,"Imperial Publishing, Inc","2101 (Mayday Games)","N/A","N/A",31,"146816","622572","","2023-08-03","",""
"Keep'em Rolling: Race to the Rhine","Standalone","Demo","N/A","N/A","N/A","N/A","PHALANX","","N/A","N/A",17,"359443","604700","","2022-11-00","Q3 2023",""
"Behext","Standalone","For Sale","USD",45,"N/A","N/A","Smirk & Dagger Games","1035","N/A","N/A",12,"355632","597505","SND 0071","2023-05-00","",""
"Tesseract","Standalone","Demo","N/A","N/A","N/A","N/A","Smirk & Laughter Games","1035","N/A","N/A",26,"367385","624816","SND 1010","2023-09-00","",""
"Adventure Party: The Role-Playing Party Game","Standalone","Demo","N/A","N/A","N/A","N/A","Smirk & Dagger Games","1035","N/A","N/A",13,"380106","649258","","2024-02-00","",""
"BOOoop.","Standalone","Demo","N/A","N/A","N/A","N/A","Smirk & Dagger Games","1035","N/A","N/A",62,"383579","655460","SND 1013","2023-09-00","",""
"Steam Up: A Feast of Dim Sum","Standalone","For Sale","USD",50,"N/A","N/A","Hot Banana Games","371","N/A","N/A",30,"307561","504678","","2023-04-00","",""
"Agree to Disagree","Standalone","For Sale","USD",25,"N/A","N/A","Adam's Apple Games, LLC","2768","N/A","N/A",13,"388659","661606","","2023-08-03","Q4 2023",""
"Defenders of the Dictionary","Standalone","Demo","N/A","N/A","N/A","N/A","Adam's Apple Games, LLC","2768","N/A","N/A",20,"388641","661566","","2024-00-00","",""
"Unfold: Through the Wall","Standalone","For Sale","USD",1e-7,"N/A","N/A","Alley Cat Games","2766","N/A","N/A",14,"392150","667232","","2023-06-00","",""
"Ticket to Ride Legacy: Legends of the West","Standalone","Demo","N/A","N/A","N/A","N/A","Days of Wonder","809, 815, 823, 929, 1109, 1115 (Asmodee)","N/A","N/A",169,"390092","663918","","2023-11-03","",""
"Star Wars: Unlimited","Standalone","Demo","N/A","N/A","N/A","N/A","Fantasy Flight Games","809, 815, 823, 929, 1109, 1115 (Asmodee)","N/A","N/A",47,"387866","660149","","2024-00-00","",""
"Iron, Blood, Snow & Mud","Standalone","Demo","N/A","N/A","N/A","N/A","PHALANX","","N/A","N/A",16,"341055","568465","","0000-00-00","Q3 2023",""
"Tales from the Red Dragon Inn","Standalone","For Sale","USD",110,"N/A","N/A","SlugFest Games","1219","N/A","N/A",20,"345266","576075","SFG050","2023-08-03","",""
"Renature: Valley","Expansion","For Sale","USD",20,"N/A","N/A","Capstone Games","1649","N/A","N/A",19,"387369","659461","","2023-08-00","",""
"Borderlands: Mister Torgue's Arena of Badassery","Standalone","For Sale","USD",120,"N/A","N/A","Monster Fight Club","255","N/A","N/A",15,"347757","581205","40000","2023-08-00","",""
"Cyberpunk Red: Combat Zone","Standalone","For Sale","USD",120,"N/A","N/A","Monster Fight Club","255","N/A","N/A",6,"336357","559724","","2023-00-00","",""
"Forest Shuffle","Standalone","Demo","N/A","N/A","N/A","N/A","Lookout Games","809, 815, 823, 929, 1109, 1115 (Asmodee)","N/A","N/A",32,"391163","665561","","2023-10-05","",""
"How DARE You?","Standalone","Demo","N/A","N/A","N/A","N/A","Alion – by Dr Ø","2111 (Surfin' Meeple)","N/A","N/A",9,"387763","659997","","2023-10-05","Q4 2023",""
"House of Cats","Standalone","Demo","N/A","N/A","N/A","N/A","Aporta Games","2111 (Surfin' Meeple)","N/A","N/A",24,"386436","658126","","2023-10-05","",""
"Tucana Builders","Standalone","Demo","N/A","N/A","N/A","N/A","Aporta Games","2111 (Surfin' Meeple)","N/A","N/A",28,"386273","657769","","2023-10-05","",""
"Revive: Call of the Abyss","Expansion","Demo","N/A","N/A","N/A","N/A","Aporta Games","2111 (Surfin' Meeple)","N/A","N/A",57,"385685","656939","","2023-10-05","",""
"Terraforming Mars: Ares Expedition – Foundations","Expansion","For Sale","N/A","N/A","N/A","N/A","Stronghold Games","2221","N/A","N/A",9,"358740","603485","","2023-04-00","",""
"Terraforming Mars: Ares Expedition – Discovery","Expansion","For Sale","N/A","N/A","N/A","N/A","Stronghold Games","2221","N/A","N/A",9,"358739","603484","","2023-04-00","",""
"Terraforming Mars: Ares Expedition – Crisis","Expansion","For Sale","N/A","N/A","N/A","N/A","Stronghold Games","2221","N/A","N/A",15,"358738","603483","","2023-03-00","",""
"Path of Light and Shadow: Solstice","Expansion","For Sale","N/A","N/A","N/A","N/A","Stronghold Games","2221","N/A","N/A",12,"336958","560760","","2023-06-00","",""
"Clever 4Ever","Standalone","For Sale","N/A","N/A","N/A","N/A","Stronghold Games","2221","N/A","N/A",21,"366162","669612","","2023-06-00","",""
"That's Pretty Clever! Kids","Standalone","For Sale","N/A","N/A","N/A","N/A","Stronghold Games","2221","N/A","N/A",12,"354892","669611","","2023-06-00","",""
"I Feel Attacked","Standalone","For Sale","N/A","N/A","N/A","N/A","Indie Boards & Cards","2221","N/A","N/A",5,"390095","663923","","2023-08-00","",""
"I Feel Attacked: NSFW Edition","Standalone","For Sale","N/A","N/A","N/A","N/A","Indie Boards & Cards","2221","N/A","N/A",4,"390097","663925","","2023-08-00","",""
"Glom","Standalone","For Sale","N/A","N/A","N/A","N/A","Indie Boards & Cards","2221","N/A","N/A",7,"385415","656519","","2023-06-14","",""
"Applejack","Standalone","For Sale","N/A","N/A","N/A","N/A","Indie Boards & Cards","2221","N/A","N/A",28,"367662","669615","","2023-08-00","",""
"G.I. JOE Mission Critical: Chaos Break","Expansion","For Sale","USD",45,"N/A","N/A","Renegade Game Studios","1619","N/A","N/A",5,"379758","648712","RGS 02529","2023-04-01","",""
"Axis & Allies: 1941","Standalone","For Sale","USD",40,"N/A","N/A","Renegade Game Studios","1619","N/A","N/A",5,"123185","646482","","2023-04-00","",""
"Axis & Allies: 1942","Standalone","For Sale","USD",75,"N/A","N/A","Renegade Game Studios","1619","N/A","N/A",5,"41863","646484","","2023-04-00","",""
"Axis & Allies: Europe 1940","Standalone","For Sale","USD",100,"N/A","N/A","Renegade Game Studios","1619","N/A","N/A",4,"61692","646486","","2023-05-00","",""
"Axis & Allies: Pacific 1940","Standalone","For Sale","USD",100,"N/A","N/A","Renegade Game Studios","1619","N/A","N/A",5,"55829","646485","","2023-04-00","",""
"My Little Pony: Adventures in Equestria Deck-Building Game – Princess Pageantry Expansion","Expansion","For Sale","USD",30,"N/A","N/A","Renegade Game Studios","1619","N/A","N/A",6,"379764","648718","RGS 02535","2023-04-01","",""
"Power Rangers: Heroes of the Grid – Ranger Allies Pack #3","Expansion","For Sale","USD",45,"N/A","N/A","Renegade Game Studios","1619","N/A","N/A",5,"379770","648724","RGS 02545","2023-05-01","",""
"Power Rangers: Heroes of the Grid – Shadow of Venjix Theme Pack","Expansion","For Sale","USD",45,"N/A","N/A","Renegade Game Studios","1619","N/A","N/A",5,"379771","648725","RGS 02546","2023-05-01","",""
"Power Rangers: Heroes of the Grid – Scenario Book 2","Expansion","For Sale","USD",10,"N/A","N/A","Renegade Game Studios","1619","N/A","N/A",5,"379315","648004","","0000-00-00","",""
"G.I. JOE Mission Critical: Sgt Slaughter Figure Pack","Expansion","For Sale","USD",22,"N/A","N/A","Renegade Game Studios","1619","N/A","N/A",6,"379760","648714","RGS 02558","2023-07-01","",""
"Fabled: The Spirit Lands","Standalone","For Sale","USD",45,"N/A","N/A","CrowD Games","1263","N/A","N/A",41,"220452","343611","","2023-08-15","",""
"Super Squad High","Standalone","Demo","N/A","N/A","N/A","N/A","Nerdy Pup Games","","N/A","N/A",11,"375957","641978","","2024-00-00","Q2 2024",""
"Earth","Standalone","For Sale","USD",50,"N/A","N/A","Inside Up Games","1642","N/A","N/A",217,"350184","585875","IUG011","2023-04-22","",""
"Race to the Raft","Standalone","For Sale","USD",50,"N/A","N/A","The City of Games","2758","N/A","N/A",290,"367375","624802","","2023-07-06","",""
"Fit to Print","Standalone","For Sale","USD",40,"N/A","N/A","Flatout Games","403 (AEG)","N/A","N/A",135,"352574","590718","","2023-09-00","",""
"Deep Dive","Standalone","For Sale","USD",25,"N/A","N/A","Flatout Games","403 (AEG)","N/A","N/A",74,"376747","643451","FLA 1032","2023-09-00","",""
"Point City","Standalone","For Sale","USD",25,"N/A","N/A","Flatout Games","403 (AEG)","N/A","N/A",198,"368017","626057","","2023-09-00","",""
"Cascadia: Landmarks","Expansion","Demo","N/A","N/A","N/A","N/A","Flatout Games","403 (AEG)","N/A","N/A",344,"385318","656399","AEG 1034","2023-00-00","Q4 2023",""
"Number Drop","Standalone","For Sale","USD",25,"N/A","N/A","Alderac Entertainment Group","403","N/A","N/A",26,"337784","654669","","2023-08-00","",""
"Shake That City","Standalone","For Sale","USD",40,"N/A","N/A","Alderac Entertainment Group","403","N/A","N/A",84,"359764","605253","","2023-07-00","",""
"Faeries & Magical Creatures","Standalone","For Sale","N/A","N/A","N/A","N/A","Forbidden Games","2901","N/A","N/A",7,"385245","656278","","2023-10-00","",""
"Across America Fluxx","Standalone","For Sale","USD",20,"N/A","N/A","Looney Labs","100","N/A","N/A",4,"375295","640346","LOO-126","2023-03-03","",""
"Around the World Fluxx","Standalone","For Sale","USD",20,"N/A","N/A","Looney Labs","100","N/A","N/A",3,"378278","646065","LOO-127","2023-05-05","",""
"Fluxx: The Board Game","Standalone","For Sale","USD",25,"N/A","N/A","Looney Labs","100","N/A","N/A",3,"140796","651536","LOO-128","2023-07-07","",""
"Dice Throne: Santa v. Krampus","Standalone","For Sale","USD",30,"N/A","N/A","Roxley","3030","N/A","N/A",10,"366310","622670","","0000-00-00","Q4 2022",""
"Jiangnan: Life of Gentry","Standalone","For Sale","USD",99,"N/A","N/A","Moaideas Game Design","2958","N/A","N/A",10,"342674","651806","MGD1034E","0000-00-00","",""
"Grave Trigger","Standalone","Demo","N/A","N/A","N/A","N/A","Cardboard Dynamo","2906 (Giga-Robo)","N/A","N/A",3,"395501","672495","","0000-00-00","Q1 2024",""
"Chocoly","Standalone","For Sale","N/A","N/A","N/A","N/A","FoxMind","2002","N/A","N/A",0,"108832","650824","CHOCO-BIL","2023-02-00","",""
"Hansel & Gretel","Standalone","For Sale","N/A","N/A","N/A","N/A","FoxMind","2002","N/A","N/A",0,"340498","653028","","2023-02-00","",""
"Spirit Island: Nature Incarnate","Expansion","For Sale","N/A","N/A","N/A","N/A","Greater Than Games, LLC","1321, 1429, 1521 (Flat River Group)","N/A","N/A",7,"365137","620161","","2023-00-00","",""
"Ancient Knowledge","Standalone","For Sale","N/A","N/A","N/A","N/A","IELLO","1321, 1429, 1521 (Flat River Group)","N/A","N/A",3,"338093","648878","","2023-00-00","Q4 2023",""
"License to Grill","Standalone","Demo","N/A","N/A","N/A","N/A","Greater Than Games, LLC","1321, 1429, 1521 (Flat River Group)","N/A","N/A",0,"395786","672910","","2024-00-00","",""
"Purrfect Match","Standalone","For Sale","N/A","N/A","N/A","N/A","Greater Than Games, LLC","1321, 1429, 1521 (Flat River Group)","N/A","N/A",0,"396426","673769","","2023-00-00","",""
